iter	Logloss
0	0.6660193903
1	0.637357625
2	0.612547455
3	0.5880231589
4	0.5652512451
5	0.5428184147
6	0.522271145
7	0.501694287
8	0.4779907366
9	0.4601679764
10	0.4447001412
11	0.4281286006
12	0.412546833
13	0.399077552
14	0.3861614257
15	0.3724813134
16	0.3560531949
17	0.3448969213
18	0.3331749166
19	0.3218024179
